<?xml version="1.0" encoding="UTF-8"?>
<project-private xmlns="http://www.netbeans.org/ns/project-private/1">
    <editor-bookmarks xmlns="http://www.netbeans.org/ns/editor-bookmarks/2" lastBookmarkId="0"/>
    <open-files xmlns="http://www.netbeans.org/ns/projectui-open-files/2">
        <group>
            <file>file:/Users/ejmcc/Documents/%23%23%20ESTUDOS%20%23%23/_ProjetosEmBancoDeDados/ProjetoDoBrennerEstudo/ProjetoControleVeicularFinal/src/ferramentas/ConexaoBD.java</file>
            <file>file:/Users/ejmcc/Documents/%23%23%20ESTUDOS%20%23%23/_ProjetosEmBancoDeDados/ProjetoDoBrennerEstudo/ProjetoControleVeicularFinal/src/visao/TelaServicos.java</file>
            <file>file:/Users/ejmcc/Documents/%23%23%20ESTUDOS%20%23%23/_ProjetosEmBancoDeDados/ProjetoDoBrennerEstudo/ProjetoControleVeicularFinal/src/visao/TelaGastos.java</file>
            <file>file:/Users/ejmcc/Documents/%23%23%20ESTUDOS%20%23%23/_ProjetosEmBancoDeDados/ProjetoDoBrennerEstudo/ProjetoControleVeicularFinal/src/visao/TelaPrincipal.java</file>
        </group>
    </open-files>
</project-private>
