<?xml version="1.0" encoding="UTF-8"?>
<project-private xmlns="http://www.netbeans.org/ns/project-private/1">
    <editor-bookmarks xmlns="http://www.netbeans.org/ns/editor-bookmarks/2" lastBookmarkId="0"/>
    <open-files xmlns="http://www.netbeans.org/ns/projectui-open-files/2">
        <group>
            <file>file:/C:/Users/thiago.srodrigues/OneDrive%20-%20Sociedade%20Goiana%20de%20Cultura/Projeto%20Final%20BD/MecanicaJedi-main/MecanicaJedi-main/MecanicaJedi/BD_Trabalho/ProjetoContoleDeGastos/ProjetoControleVeicularFinal/src/modelos/Modelo.java</file>
            <file>file:/C:/Users/thiago.srodrigues/OneDrive%20-%20Sociedade%20Goiana%20de%20Cultura/Projeto%20Final%20BD/MecanicaJedi-main/MecanicaJedi-main/MecanicaJedi/BD_Trabalho/ProjetoContoleDeGastos/ProjetoControleVeicularFinal/src/modelos/OrdemDeServico.java</file>
            <file>file:/C:/Users/thiago.srodrigues/OneDrive%20-%20Sociedade%20Goiana%20de%20Cultura/Projeto%20Final%20BD/MecanicaJedi-main/MecanicaJedi-main/MecanicaJedi/BD_Trabalho/ProjetoContoleDeGastos/ProjetoControleVeicularFinal/src/modelos/Marca.java</file>
            <file>file:/C:/Users/thiago.srodrigues/OneDrive%20-%20Sociedade%20Goiana%20de%20Cultura/Projeto%20Final%20BD/MecanicaJedi-main/MecanicaJedi-main/MecanicaJedi/BD_Trabalho/ProjetoContoleDeGastos/ProjetoControleVeicularFinal/src/modelos/Login.java</file>
            <file>file:/C:/Users/thiago.srodrigues/OneDrive%20-%20Sociedade%20Goiana%20de%20Cultura/Projeto%20Final%20BD/MecanicaJedi-main/MecanicaJedi-main/MecanicaJedi/BD_Trabalho/ProjetoContoleDeGastos/ProjetoControleVeicularFinal/src/modelos/VeiculoProprietario.java</file>
            <file>file:/C:/Users/thiago.srodrigues/OneDrive%20-%20Sociedade%20Goiana%20de%20Cultura/Projeto%20Final%20BD/MecanicaJedi-main/MecanicaJedi-main/MecanicaJedi/BD_Trabalho/ProjetoContoleDeGastos/ProjetoControleVeicularFinal/src/modelos/Acessorio.java</file>
            <file>file:/C:/Users/thiago.srodrigues/OneDrive%20-%20Sociedade%20Goiana%20de%20Cultura/Projeto%20Final%20BD/MecanicaJedi-main/MecanicaJedi-main/MecanicaJedi/BD_Trabalho/ProjetoContoleDeGastos/ProjetoControleVeicularFinal/src/modelos/Gastos.java</file>
            <file>file:/C:/Users/thiago.srodrigues/OneDrive%20-%20Sociedade%20Goiana%20de%20Cultura/Projeto%20Final%20BD/MecanicaJedi-main/MecanicaJedi-main/MecanicaJedi/BD_Trabalho/ProjetoContoleDeGastos/ProjetoControleVeicularFinal/src/modelos/ItemPeca.java</file>
            <file>file:/C:/Users/thiago.srodrigues/OneDrive%20-%20Sociedade%20Goiana%20de%20Cultura/Projeto%20Final%20BD/MecanicaJedi-main/MecanicaJedi-main/MecanicaJedi/BD_Trabalho/ProjetoContoleDeGastos/ProjetoControleVeicularFinal/src/modelos/Funcionario.java</file>
            <file>file:/C:/Users/thiago.srodrigues/OneDrive%20-%20Sociedade%20Goiana%20de%20Cultura/Projeto%20Final%20BD/MecanicaJedi-main/MecanicaJedi-main/MecanicaJedi/BD_Trabalho/ProjetoContoleDeGastos/ProjetoControleVeicularFinal/src/modelos/Veiculo.java</file>
            <file>file:/C:/Users/thiago.srodrigues/OneDrive%20-%20Sociedade%20Goiana%20de%20Cultura/Projeto%20Final%20BD/MecanicaJedi-main/MecanicaJedi-main/MecanicaJedi/BD_Trabalho/ProjetoContoleDeGastos/ProjetoControleVeicularFinal/src/modelos/Pecas.java</file>
            <file>file:/C:/Users/thiago.srodrigues/OneDrive%20-%20Sociedade%20Goiana%20de%20Cultura/Projeto%20Final%20BD/MecanicaJedi-main/MecanicaJedi-main/MecanicaJedi/BD_Trabalho/ProjetoContoleDeGastos/ProjetoControleVeicularFinal/src/modelos/Cliente.java</file>
            <file>file:/C:/Users/thiago.srodrigues/OneDrive%20-%20Sociedade%20Goiana%20de%20Cultura/Projeto%20Final%20BD/MecanicaJedi-main/MecanicaJedi-main/MecanicaJedi/BD_Trabalho/ProjetoContoleDeGastos/ProjetoControleVeicularFinal/src/modelos/Servicos.java</file>
            <file>file:/C:/Users/thiago.srodrigues/OneDrive%20-%20Sociedade%20Goiana%20de%20Cultura/Projeto%20Final%20BD/MecanicaJedi-main/MecanicaJedi-main/MecanicaJedi/BD_Trabalho/ProjetoContoleDeGastos/ProjetoControleVeicularFinal/src/modelos/ItemServico.java</file>
        </group>
    </open-files>
</project-private>
